Workbook

Sheet Lisez-moi
A1: Carpediem V2 : classeur de correspondance V1 vers V2 (modèle)
A3: Objet | B3: Ce classeur sert à établir et à faire valider la correspondance entre les codes d'une étude Carpediem+ (V1) et les référentiels de la V2. Il est lu par les scripts de migration_v1_v2/ (voir le README de ce dossier) : ne pas déplacer ni insérer de colonnes.
A4: Onglets | B4: Pressions : une ligne par pression de la typologie V1, avec une proposition de code V2. Activités : une ligne par couple (couche de données, activité V1), à compléter pour l'étude, y compris les couches présentes mais non utilisées dans l'étude V1. Ref_pressions_V2 et Ref_activites_V2 : référentiels V2 (lecture seule), sources des listes déroulantes.
A5: À remplir | B5: Les colonnes « Proposition » sont remplies par la personne qui prépare la conversion. Les responsables scientifiques de l'étude remplissent les cellules sur fond jaune, dans les colonnes à en-tête orangé (« À remplir »).
A6: Décision | B6: Validé : la proposition est retenue. Modifié : indiquer le code V2 retenu dans la colonne suivante. Sans équivalent : aucun code V2 ne convient. À exclure : la pression ou la couche ne doit pas être prise en compte.
A7: Code V2 retenu | B7: Liste déroulante. À remplir pour « Modifié » ; pour « Validé », il peut rester vide (la proposition s'applique). Le libellé s'affiche automatiquement. Pour les pressions, choisir de préférence une « feuille » de l'arbre : un nœud composé est calculé à partir de ses enfants.
A8: Évaluer (pressions) | B8: Oui / Non : la pression doit-elle être évaluée dans l'étude V2 ? Pour mémoire, la matrice V2 de référence (Baie de Seine) n'évalue que les pressions physiques.
A9: Traitement (activités) | B9: Pour les couches qui alimentaient plusieurs activités dans l'étude V1, la V2 impose une seule activité par colonne d'intensité. Choisir : une seule activité retenue, répartition de l'intensité (préciser la clé en commentaire) ou duplication de la colonne (l'intensité est alors comptée pour chaque activité, comme en V1).
A10: Statut de la proposition | B10: Proposé : correspondance évidente. À confirmer : correspondance probable, à vérifier. À arbitrer : plusieurs options ou pas d'équivalent, décision nécessaire.
A12: Exemple de ligne remplie (onglet Pressions)
A13: Code officiel | B13: Proposition V2 | C13: Évaluer | D13: Décision | E13: Code V2 retenu | F13: Commentaire
A14: Pr_SDE3_3 | B14: Pr_P2_6_3 | C14: Oui | D14: Modifié | E14: Pr_P2_6_2 | F14: Les composés concernés dans la zone d'étude sont surtout des hydrocarbures.
A15: (exemple fictif, à titre d'illustration du format)
A17: Avancement
A18: Pressions : décisions renseignées | B18: =COUNTA(Pressions!I3:I36)&" / "&COUNTA(Pressions!A3:A36)
A19: Activités : décisions renseignées | B19: =COUNTA(Activités!J3:J102)&" / "&COUNTA(Activités!A3:A102)

Sheet Pressions
A1: Proposition (ne pas modifier) | H1: À remplir
A2: Code officiel | B2: Libellé officiel | C2: Évaluée dans l'étude V1 | D2: Code V2 proposé | E2: Libellé V2 proposé | F2: Statut de la proposition | G2: Remarque | H2: Évaluer dans l'étude V2 | I2: Décision | J2: Code V2 retenu (si modifié) | K2: Libellé V2 retenu | L2: Type (feuille / nœud) | M2: Commentaire
A3: Pr_P1_1 | B3: Substrate extraction | D3: Pr_P1_3_2 | E3: =IF(D3="","",IFERROR(TRIM(INDEX(Ref_pressions_V2!$B$2:$B$49,MATCH(D3,Ref_pressions_V2!$A$2:$A$49,0))),"Code inconnu")) | F3: Proposé | K3: =IF(J3="","",IFERROR(TRIM(INDEX(Ref_pressions_V2!$B$2:$B$49,MATCH(J3,Ref_pressions_V2!$A$2:$A$49,0))),"Code inconnu")) | L3: =IF(J3="","",IFERROR(INDEX(Ref_pressions_V2!$E$2:$E$49,MATCH(J3,Ref_pressions_V2!$A$2:$A$49,0)),""))
A4: Pr_P1_2 | B4: Sediment compaction | D4: Pr_P1_3_3 | E4: =IF(D4="","",IFERROR(TRIM(INDEX(Ref_pressions_V2!$B$2:$B$49,MATCH(D4,Ref_pressions_V2!$A$2:$A$49,0))),"Code inconnu")) | F4: Proposé | K4: =IF(J4="","",IFERROR(TRIM(INDEX(Ref_pressions_V2!$B$2:$B$49,MATCH(J4,Ref_pressions_V2!$A$2:$A$49,0))),"Code inconnu")) | L4: =IF(J4="","",IFERROR(INDEX(Ref_pressions_V2!$E$2:$E$49,MATCH(J4,Ref_pressions_V2!$A$2:$A$49,0)),""))
A5: Pr_P1_3 | B5: Surface abrasion | D5: Pr_P1_3_1_1 | E5: =IF(D5="","",IFERROR(TRIM(INDEX(Ref_pressions_V2!$B$2:$B$49,MATCH(D5,Ref_pressions_V2!$A$2:$A$49,0))),"Code inconnu")) | F5: Proposé | K5: =IF(J5="","",IFERROR(TRIM(INDEX(Ref_pressions_V2!$B$2:$B$49,MATCH(J5,Ref_pressions_V2!$A$2:$A$49,0))),"Code inconnu")) | L5: =IF(J5="","",IFERROR(INDEX(Ref_pressions_V2!$E$2:$E$49,MATCH(J5,Ref_pressions_V2!$A$2:$A$49,0)),""))
A6: Pr_P1_4 | B6: Shallow abrasion | D6: Pr_P1_3_1_2 | E6: =IF(D6="","",IFERROR(TRIM(INDEX(Ref_pressions_V2!$B$2:$B$49,MATCH(D6,Ref_pressions_V2!$A$2:$A$49,0))),"Code inconnu")) | F6: Proposé | K6: =IF(J6="","",IFERROR(TRIM(INDEX(Ref_pressions_V2!$B$2:$B$49,MATCH(J6,Ref_pressions_V2!$A$2:$A$49,0))),"Code inconnu")) | L6: =IF(J6="","",IFERROR(INDEX(Ref_pressions_V2!$E$2:$E$49,MATCH(J6,Ref_pressions_V2!$A$2:$A$49,0)),""))
A7: Pr_P1_5 | B7: Deep abrasion | D7: Pr_P1_3_1_3 | E7: =IF(D7="","",IFERROR(TRIM(INDEX(Ref_pressions_V2!$B$2:$B$49,MATCH(D7,Ref_pressions_V2!$A$2:$A$49,0))),"Code inconnu")) | F7: Proposé | K7: =IF(J7="","",IFERROR(TRIM(INDEX(Ref_pressions_V2!$B$2:$B$49,MATCH(J7,Ref_pressions_V2!$A$2:$A$49,0))),"Code inconnu")) | L7: =IF(J7="","",IFERROR(INDEX(Ref_pressions_V2!$E$2:$E$49,MATCH(J7,Ref_pressions_V2!$A$2:$A$49,0)),""))
A8: Pr_P1_6 | B8: Sediment reworking | D8: Pr_P1_3_4 | E8: =IF(D8="","",IFERROR(TRIM(INDEX(Ref_pressions_V2!$B$2:$B$49,MATCH(D8,Ref_pressions_V2!$A$2:$A$49,0))),"Code inconnu")) | F8: Proposé | K8: =IF(J8="","",IFERROR(TRIM(INDEX(Ref_pressions_V2!$B$2:$B$49,MATCH(J8,Ref_pressions_V2!$A$2:$A$49,0))),"Code inconnu")) | L8: =IF(J8="","",IFERROR(INDEX(Ref_pressions_V2!$E$2:$E$49,MATCH(J8,Ref_pressions_V2!$A$2:$A$49,0)),""))
A9: Pr_P1_7 | B9: Low sediment deposition | D9: Pr_P1_3_5_1 | E9: =IF(D9="","",IFERROR(TRIM(INDEX(Ref_pressions_V2!$B$2:$B$49,MATCH(D9,Ref_pressions_V2!$A$2:$A$49,0))),"Code inconnu")) | F9: Proposé | K9: =IF(J9="","",IFERROR(TRIM(INDEX(Ref_pressions_V2!$B$2:$B$49,MATCH(J9,Ref_pressions_V2!$A$2:$A$49,0))),"Code inconnu")) | L9: =IF(J9="","",IFERROR(INDEX(Ref_pressions_V2!$E$2:$E$49,MATCH(J9,Ref_pressions_V2!$A$2:$A$49,0)),""))
A10: Pr_P1_8 | B10: Significant sediment deposition | D10: Pr_P1_3_5_2 | E10: =IF(D10="","",IFERROR(TRIM(INDEX(Ref_pressions_V2!$B$2:$B$49,MATCH(D10,Ref_pressions_V2!$A$2:$A$49,0))),"Code inconnu")) | F10: Proposé | K10: =IF(J10="","",IFERROR(TRIM(INDEX(Ref_pressions_V2!$B$2:$B$49,MATCH(J10,Ref_pressions_V2!$A$2:$A$49,0))),"Code inconnu")) | L10: =IF(J10="","",IFERROR(INDEX(Ref_pressions_V2!$E$2:$E$49,MATCH(J10,Ref_pressions_V2!$A$2:$A$49,0)),""))
A11: Pr_P2_1 | B11: Loss of habitat | D11: Pr_P1_1 | E11: =IF(D11="","",IFERROR(TRIM(INDEX(Ref_pressions_V2!$B$2:$B$49,MATCH(D11,Ref_pressions_V2!$A$2:$A$49,0))),"Code inconnu")) | F11: Proposé | K11: =IF(J11="","",IFERROR(TRIM(INDEX(Ref_pressions_V2!$B$2:$B$49,MATCH(J11,Ref_pressions_V2!$A$2:$A$49,0))),"Code inconnu")) | L11: =IF(J11="","",IFERROR(INDEX(Ref_pressions_V2!$E$2:$E$49,MATCH(J11,Ref_pressions_V2!$A$2:$A$49,0)),""))
A12: Pr_P2_2 | B12: Habitat change | D12: Pr_P1_2 | E12: =IF(D12="","",IFERROR(TRIM(INDEX(Ref_pressions_V2!$B$2:$B$49,MATCH(D12,Ref_pressions_V2!$A$2:$A$49,0))),"Code inconnu")) | F12: Proposé | K12: =IF(J12="","",IFERROR(TRIM(INDEX(Ref_pressions_V2!$B$2:$B$49,MATCH(J12,Ref_pressions_V2!$A$2:$A$49,0))),"Code inconnu")) | L12: =IF(J12="","",IFERROR(INDEX(Ref_pressions_V2!$E$2:$E$49,MATCH(J12,Ref_pressions_V2!$A$2:$A$49,0)),""))
A13: Pr_P3_1 | B13: Changes to hydrodynamic conditions | D13: Pr_P2_1_1 | E13: =IF(D13="","",IFERROR(TRIM(INDEX(Ref_pressions_V2!$B$2:$B$49,MATCH(D13,Ref_pressions_V2!$A$2:$A$49,0))),"Code inconnu")) | F13: Proposé | K13: =IF(J13="","",IFERROR(TRIM(INDEX(Ref_pressions_V2!$B$2:$B$49,MATCH(J13,Ref_pressions_V2!$A$2:$A$49,0))),"Code inconnu")) | L13: =IF(J13="","",IFERROR(INDEX(Ref_pressions_V2!$E$2:$E$49,MATCH(J13,Ref_pressions_V2!$A$2:$A$49,0)),""))
A14: Pr_P3_2 | B14: Changes to particle load | D14: Pr_P2_1_2 | E14: =IF(D14="","",IFERROR(TRIM(INDEX(Ref_pressions_V2!$B$2:$B$49,MATCH(D14,Ref_pressions_V2!$A$2:$A$49,0))),"Code inconnu")) | F14: Proposé | K14: =IF(J14="","",IFERROR(TRIM(INDEX(Ref_pressions_V2!$B$2:$B$49,MATCH(J14,Ref_pressions_V2!$A$2:$A$49,0))),"Code inconnu")) | L14: =IF(J14="","",IFERROR(INDEX(Ref_pressions_V2!$E$2:$E$49,MATCH(J14,Ref_pressions_V2!$A$2:$A$49,0)),""))
... A21: Pr_SDE3_2 | B21: Metals (synthetic and non-synthetic origin) | D21: Pr_P2_6_1 | E21: =IF(D21="","",IFERROR(TRIM(INDEX(Ref_pressions_V2!$B$2:$B$49,MATCH(D21,Ref_pressions_V2!$A$2:$A$49,0))),"Code inconnu")) | F21: Proposé | K21: =IF(J21="","",IFERROR(TRIM(INDEX(Ref_pressions_V2!$B$2:$B$49,MATCH(J21,Ref_pressions_V2!$A$2:$A$49,0))),"Code inconnu")) | L21: =IF(J21="","",IFERROR(INDEX(Ref_pressions_V2!$E$2:$E$49,MATCH(J21,Ref_pressions_V2!$A$2:$A$49,0)),""))
A22: Pr_SDE3_3 | B22: Organic and inorganic compounds | D22: Pr_P2_6_3 | E22: =IF(D22="","",IFERROR(TRIM(INDEX(Ref_pressions_V2!$B$2:$B$49,MATCH(D22,Ref_pressions_V2!$A$2:$A$49,0))),"Code inconnu")) | F22: À arbitrer | G22: Pourrait aussi correspondre à Pr_P2_6_2 (hydrocarbures et HAP), ou aux deux. | K22: =IF(J22="","",IFERROR(TRIM(INDEX(Ref_pressions_V2!$B$2:$B$49,MATCH(J22,Ref_pressions_V2!$A$2:$A$49,0))),"Code inconnu")) | L22: =IF(J22="","",IFERROR(INDEX(Ref_pressions_V2!$E$2:$E$49,MATCH(J22,Ref_pressions_V2!$A$2:$A$49,0)),""))
A23: Pr_SDE3_4 | B23: Input of other substances (solids, liquids, gases) | E23: =IF(D23="","",IFERROR(TRIM(INDEX(Ref_pressions_V2!$B$2:$B$49,MATCH(D23,Ref_pressions_V2!$A$2:$A$49,0))),"Code inconnu")) | F23: À arbitrer | G23: Pas d'équivalent direct en V2. | K23: =IF(J23="","",IFERROR(TRIM(INDEX(Ref_pressions_V2!$B$2:$B$49,MATCH(J23,Ref_pressions_V2!$A$2:$A$49,0))),"Code inconnu")) | L23: =IF(J23="","",IFERROR(INDEX(Ref_pressions_V2!$E$2:$E$49,MATCH(J23,Ref_pressions_V2!$A$2:$A$49,0)),""))
A24: Pr_SDE4_8 | B24: Waste | D24: Pr_P2_5 | E24: =IF(D24="","",IFERROR(TRIM(INDEX(Ref_pressions_V2!$B$2:$B$49,MATCH(D24,Ref_pressions_V2!$A$2:$A$49,0))),"Code inconnu")) | F24: Proposé | K24: =IF(J24="","",IFERROR(TRIM(INDEX(Ref_pressions_V2!$B$2:$B$49,MATCH(J24,Ref_pressions_V2!$A$2:$A$49,0))),"Code inconnu")) | L24: =IF(J24="","",IFERROR(INDEX(Ref_pressions_V2!$E$2:$E$49,MATCH(J24,Ref_pressions_V2!$A$2:$A$49,0)),""))
A25: Pr_SDE5_1 | B25: Introduction of noise | D25: Pr_P2_4 | E25: =IF(D25="","",IFERROR(TRIM(INDEX(Ref_pressions_V2!$B$2:$B$49,MATCH(D25,Ref_pressions_V2!$A$2:$A$49,0))),"Code inconnu")) | F25: Proposé | K25: =IF(J25="","",IFERROR(TRIM(INDEX(Ref_pressions_V2!$B$2:$B$49,MATCH(J25,Ref_pressions_V2!$A$2:$A$49,0))),"Code inconnu")) | L25: =IF(J25="","",IFERROR(INDEX(Ref_pressions_V2!$E$2:$E$49,MATCH(J25,Ref_pressions_V2!$A$2:$A$49,0)),""))
A26: Pr_SDE6_1 | B26: Electromagnetic fields | E26: =IF(D26="","",IFERROR(TRIM(INDEX(Ref_pressions_V2!$B$2:$B$49,MATCH(D26,Ref_pressions_V2!$A$2:$A$49,0))),"Code inconnu")) | F26: À arbitrer | G26: Pas de feuille équivalente : en V2, Pr_P2_3 (champs électromagnétiques) est un nœud regroupant lumière et radionucléides. | K26: =IF(J26="","",IFERROR(TRIM(INDEX(Ref_pressions_V2!$B$2:$B$49,MATCH(J26,Ref_pressions_V2!$A$2:$A$49,0))),"Code inconnu")) | L26: =IF(J26="","",IFERROR(INDEX(Ref_pressions_V2!$E$2:$E$49,MATCH(J26,Ref_pressions_V2!$A$2:$A$49,0)),""))
A27: Pr_SDE6_2 | B27: Introduction of light | D27: Pr_P2_3_1_1 | E27: =IF(D27="","",IFERROR(TRIM(INDEX(Ref_pressions_V2!$B$2:$B$49,MATCH(D27,Ref_pressions_V2!$A$2:$A$49,0))),"Code inconnu")) | F27: Proposé | K27: =IF(J27="","",IFERROR(TRIM(INDEX(Ref_pressions_V2!$B$2:$B$49,MATCH(J27,Ref_pressions_V2!$A$2:$A$49,0))),"Code inconnu")) | L27: =IF(J27="","",IFERROR(INDEX(Ref_pressions_V2!$E$2:$E$49,MATCH(J27,Ref_pressions_V2!$A$2:$A$49,0)),""))
A28: _0 | B28: Exposure to toxic algal blooms | D28: Pr_P3_3 | E28: =IF(D28="","",IFERROR(TRIM(INDEX(Ref_pressions_V2!$B$2:$B$49,MATCH(D28,Ref_pressions_V2!$A$2:$A$49,0))),"Code inconnu")) | F28: À confirmer | G28: Code officiel incomplet (« _0 »). | K28: =IF(J28="","",IFERROR(TRIM(INDEX(Ref_pressions_V2!$B$2:$B$49,MATCH(J28,Ref_pressions_V2!$A$2:$A$49,0))),"Code inconnu")) | L28: =IF(J28="","",IFERROR(INDEX(Ref_pressions_V2!$E$2:$E$49,MATCH(J28,Ref_pressions_V2!$A$2:$A$49,0)),""))
A29: Pr_B1_1 | B29: Introduction or spread of non-indigenous species | D29: Pr_P3_1 | E29: =IF(D29="","",IFERROR(TRIM(INDEX(Ref_pressions_V2!$B$2:$B$49,MATCH(D29,Ref_pressions_V2!$A$2:$A$49,0))),"Code inconnu")) | F29: Proposé | K29: =IF(J29="","",IFERROR(TRIM(INDEX(Ref_pressions_V2!$B$2:$B$49,MATCH(J29,Ref_pressions_V2!$A$2:$A$49,0))),"Code inconnu")) | L29: =IF(J29="","",IFERROR(INDEX(Ref_pressions_V2!$E$2:$E$49,MATCH(J29,Ref_pressions_V2!$A$2:$A$49,0)),""))
A30: Pr_B2_1 | B30: Introduction of pathogens | D30: Pr_P3_2 | E30: =IF(D30="","",IFERROR(TRIM(INDEX(Ref_pressions_V2!$B$2:$B$49,MATCH(D30,Ref_pressions_V2!$A$2:$A$49,0))),"Code inconnu")) | F30: Proposé | K30: =IF(J30="","",IFERROR(TRIM(INDEX(Ref_pressions_V2!$B$2:$B$49,MATCH(J30,Ref_pressions_V2!$A$2:$A$49,0))),"Code inconnu")) | L30: =IF(J30="","",IFERROR(INDEX(Ref_pressions_V2!$E$2:$E$49,MATCH(J30,Ref_pressions_V2!$A$2:$A$49,0)),""))
A31: Pr_B3_1 | B31: Introduction of genetically distinct individuals from indigenous species | D31: Pr_P3_4 | E31: =IF(D31="","",IFERROR(TRIM(INDEX(Ref_pressions_V2!$B$2:$B$49,MATCH(D31,Ref_pressions_V2!$A$2:$A$49,0))),"Code inconnu")) | F31: À confirmer | G31: Pourrait aussi correspondre à Pr_P3_6 (appauvrissement génétique). | K31: =IF(J31="","",IFERROR(TRIM(INDEX(Ref_pressions_V2!$B$2:$B$49,MATCH(J31,Ref_pressions_V2!$A$2:$A$49,0))),"Code inconnu")) | L31: =IF(J31="","",IFERROR(INDEX(Ref_pressions_V2!$E$2:$E$49,MATCH(J31,Ref_pressions_V2!$A$2:$A$49,0)),""))
A32: Pr_B5_1 | B32: Obstacle to species movement | D32: Pr_P1_4_1 | E32: =IF(D32="","",IFERROR(TRIM(INDEX(Ref_pressions_V2!$B$2:$B$49,MATCH(D32,Ref_pressions_V2!$A$2:$A$49,0))),"Code inconnu")) | F32: Proposé | K32: =IF(J32="","",IFERROR(TRIM(INDEX(Ref_pressions_V2!$B$2:$B$49,MATCH(J32,Ref_pressions_V2!$A$2:$A$49,0))),"Code inconnu")) | L32: =IF(J32="","",IFERROR(INDEX(Ref_pressions_V2!$E$2:$E$49,MATCH(J32,Ref_pressions_V2!$A$2:$A$49,0)),""))
A33: Pr_B5_2 | B33: Human presence (disturbance, excluding noise) | D33: Pr_P1_4_2 | E33: =IF(D33="","",IFERROR(TRIM(INDEX(Ref_pressions_V2!$B$2:$B$49,MATCH(D33,Ref_pressions_V2!$A$2:$A$49,0))),"Code inconnu")) | F33: Proposé | K33: =IF(J33="","",IFERROR(TRIM(INDEX(Ref_pressions_V2!$B$2:$B$49,MATCH(J33,Ref_pressions_V2!$A$2:$A$49,0))),"Code inconnu")) | L33: =IF(J33="","",IFERROR(INDEX(Ref_pressions_V2!$E$2:$E$49,MATCH(J33,Ref_pressions_V2!$A$2:$A$49,0)),""))
A34: Pr_B6_1 | B34: Target species extraction | D34: Pr_P1_4_4 | E34: =IF(D34="","",IFERROR(TRIM(INDEX(Ref_pressions_V2!$B$2:$B$49,MATCH(D34,Ref_pressions_V2!$A$2:$A$49,0))),"Code inconnu")) | F34: Proposé | K34: =IF(J34="","",IFERROR(TRIM(INDEX(Ref_pressions_V2!$B$2:$B$49,MATCH(J34,Ref_pressions_V2!$A$2:$A$49,0))),"Code inconnu")) | L34: =IF(J34="","",IFERROR(INDEX(Ref_pressions_V2!$E$2:$E$49,MATCH(J34,Ref_pressions_V2!$A$2:$A$49,0)),""))
A35: Pr_B6_2 | B35: Bycatch (non-targeted species extraction) | D35: Pr_P1_4_3 | E35: =IF(D35="","",IFERROR(TRIM(INDEX(Ref_pressions_V2!$B$2:$B$49,MATCH(D35,Ref_pressions_V2!$A$2:$A$49,0))),"Code inconnu")) | F35: À confirmer | G35: Pourrait aussi relever de Pr_P1_4_4 (prélèvement). | K35: =IF(J35="","",IFERROR(TRIM(INDEX(Ref_pressions_V2!$B$2:$B$49,MATCH(J35,Ref_pressions_V2!$A$2:$A$49,0))),"Code inconnu")) | L35: =IF(J35="","",IFERROR(INDEX(Ref_pressions_V2!$E$2:$E$49,MATCH(J35,Ref_pressions_V2!$A$2:$A$49,0)),""))
A36: Pr_B6_3 | B36: Collisions | D36: Pr_P1_4_3 | E36: =IF(D36="","",IFERROR(TRIM(INDEX(Ref_pressions_V2!$B$2:$B$49,MATCH(D36,Ref_pressions_V2!$A$2:$A$49,0))),"Code inconnu")) | F36: À confirmer | G36: Même code V2 que Pr_B6_2 : la V2 ne distingue pas captures accessoires et collisions. | K36: =IF(J36="","",IFERROR(TRIM(INDEX(Ref_pressions_V2!$B$2:$B$49,MATCH(J36,Ref_pressions_V2!$A$2:$A$49,0))),"Code inconnu")) | L36: =IF(J36="","",IFERROR(INDEX(Ref_pressions_V2!$E$2:$E$49,MATCH(J36,Ref_pressions_V2!$A$2:$A$49,0)),""))

Sheet Activités
A1: Proposition (ne pas modifier) | J1: À remplir
A2: Couche (fichier :: couche) | B2: Colonne d'intensité | C2: Code officiel | D2: Libellé officiel | E2: Utilisée dans l'étude V1 | F2: Code V2 proposé | G2: Libellé V2 proposé | H2: Statut de la proposition | I2: Remarque | J2: Décision | K2: Code V2 retenu (si modifié) | L2: Libellé V2 retenu | M2: Traitement si couche multi-activités | N2: Commentaire (clé de répartition, etc.)
G3: =IF(F3="","",IFERROR(TRIM(INDEX(Ref_activites_V2!$B$2:$B$131,MATCH(F3,Ref_activites_V2!$A$2:$A$131,0))),"Code inconnu")) | L3: =IF(K3="","",IFERROR(TRIM(INDEX(Ref_activites_V2!$B$2:$B$131,MATCH(K3,Ref_activites_V2!$A$2:$A$131,0))),"Code inconnu"))
G4: =IF(F4="","",IFERROR(TRIM(INDEX(Ref_activites_V2!$B$2:$B$131,MATCH(F4,Ref_activites_V2!$A$2:$A$131,0))),"Code inconnu")) | L4: =IF(K4="","",IFERROR(TRIM(INDEX(Ref_activites_V2!$B$2:$B$131,MATCH(K4,Ref_activites_V2!$A$2:$A$131,0))),"Code inconnu"))
G5: =IF(F5="","",IFERROR(TRIM(INDEX(Ref_activites_V2!$B$2:$B$131,MATCH(F5,Ref_activites_V2!$A$2:$A$131,0))),"Code inconnu")) | L5: =IF(K5="","",IFERROR(TRIM(INDEX(Ref_activites_V2!$B$2:$B$131,MATCH(K5,Ref_activites_V2!$A$2:$A$131,0))),"Code inconnu"))
G6: =IF(F6="","",IFERROR(TRIM(INDEX(Ref_activites_V2!$B$2:$B$131,MATCH(F6,Ref_activites_V2!$A$2:$A$131,0))),"Code inconnu")) | L6: =IF(K6="","",IFERROR(TRIM(INDEX(Ref_activites_V2!$B$2:$B$131,MATCH(K6,Ref_activites_V2!$A$2:$A$131,0))),"Code inconnu"))
G7: =IF(F7="","",IFERROR(TRIM(INDEX(Ref_activites_V2!$B$2:$B$131,MATCH(F7,Ref_activites_V2!$A$2:$A$131,0))),"Code inconnu")) | L7: =IF(K7="","",IFERROR(TRIM(INDEX(Ref_activites_V2!$B$2:$B$131,MATCH(K7,Ref_activites_V2!$A$2:$A$131,0))),"Code inconnu"))
G8: =IF(F8="","",IFERROR(TRIM(INDEX(Ref_activites_V2!$B$2:$B$131,MATCH(F8,Ref_activites_V2!$A$2:$A$131,0))),"Code inconnu")) | L8: =IF(K8="","",IFERROR(TRIM(INDEX(Ref_activites_V2!$B$2:$B$131,MATCH(K8,Ref_activites_V2!$A$2:$A$131,0))),"Code inconnu"))
G9: =IF(F9="","",IFERROR(TRIM(INDEX(Ref_activites_V2!$B$2:$B$131,MATCH(F9,Ref_activites_V2!$A$2:$A$131,0))),"Code inconnu")) | L9: =IF(K9="","",IFERROR(TRIM(INDEX(Ref_activites_V2!$B$2:$B$131,MATCH(K9,Ref_activites_V2!$A$2:$A$131,0))),"Code inconnu"))
G10: =IF(F10="","",IFERROR(TRIM(INDEX(Ref_activites_V2!$B$2:$B$131,MATCH(F10,Ref_activites_V2!$A$2:$A$131,0))),"Code inconnu")) | L10: =IF(K10="","",IFERROR(TRIM(INDEX(Ref_activites_V2!$B$2:$B$131,MATCH(K10,Ref_activites_V2!$A$2:$A$131,0))),"Code inconnu"))
G11: =IF(F11="","",IFERROR(TRIM(INDEX(Ref_activites_V2!$B$2:$B$131,MATCH(F11,Ref_activites_V2!$A$2:$A$131,0))),"Code inconnu")) | L11: =IF(K11="","",IFERROR(TRIM(INDEX(Ref_activites_V2!$B$2:$B$131,MATCH(K11,Ref_activites_V2!$A$2:$A$131,0))),"Code inconnu"))
G12: =IF(F12="","",IFERROR(TRIM(INDEX(Ref_activites_V2!$B$2:$B$131,MATCH(F12,Ref_activites_V2!$A$2:$A$131,0))),"Code inconnu")) | L12: =IF(K12="","",IFERROR(TRIM(INDEX(Ref_activites_V2!$B$2:$B$131,MATCH(K12,Ref_activites_V2!$A$2:$A$131,0))),"Code inconnu"))
G13: =IF(F13="","",IFERROR(TRIM(INDEX(Ref_activites_V2!$B$2:$B$131,MATCH(F13,Ref_activites_V2!$A$2:$A$131,0))),"Code inconnu")) | L13: =IF(K13="","",IFERROR(TRIM(INDEX(Ref_activites_V2!$B$2:$B$131,MATCH(K13,Ref_activites_V2!$A$2:$A$131,0))),"Code inconnu"))
G14: =IF(F14="","",IFERROR(TRIM(INDEX(Ref_activites_V2!$B$2:$B$131,MATCH(F14,Ref_activites_V2!$A$2:$A$131,0))),"Code inconnu")) | L14: =IF(K14="","",IFERROR(TRIM(INDEX(Ref_activites_V2!$B$2:$B$131,MATCH(K14,Ref_activites_V2!$A$2:$A$131,0))),"Code inconnu"))
... G102: =IF(F102="","",IFERROR(TRIM(INDEX(Ref_activites_V2!$B$2:$B$131,MATCH(F102,Ref_activites_V2!$A$2:$A$131,0))),"Code inconnu")) | L102: =IF(K102="","",IFERROR(TRIM(INDEX(Ref_activites_V2!$B$2:$B$131,MATCH(K102,Ref_activites_V2!$A$2:$A$131,0))),"Code inconnu"))

Sheet Ref_pressions_V2
A1: Code_P | B1: Nom de la pression (indenté par niveau) | C1: Niveau | D1: Parent | E1: Type | F1: Évaluée dans le fichier Baie de Seine
A2: Pr_P1 | B2: Physiques | C2: 1 | E2: Nœud composé | F2: Oui
A3: Pr_P1_1 | B3: Perte physique permanente de l'habitat naturel ou semi-naturel | C3: 2 | D3: Pr_P1 | E3: Feuille | F3: Oui
A4: Pr_P1_2 | B4: Modification permanente de type d'habitat naturel ou semi-naturel | C4: 2 | D4: Pr_P1 | E4: Feuille | F4: Oui
A5: Pr_P1_3 | B5: Perturbation physique temporaire du substrat (eg. sol, fond marin) | C5: 2 | D5: Pr_P1 | E5: Nœud composé | F5: Oui
A6: Pr_P1_3_1 | B6: Abrasion du substrat | C6: 3 | D6: Pr_P1_3 | E6: Nœud composé | F6: Oui
A7: Pr_P1_3_1_1 | B7: Abrasion superficielle du substrat | C7: 4 | D7: Pr_P1_3_1 | E7: Feuille | F7: Oui
A8: Pr_P1_3_1_2 | B8: Abrasion peu-profonde du substrat | C8: 4 | D8: Pr_P1_3_1 | E8: Feuille | F8: Oui
A9: Pr_P1_3_1_3 | B9: Abrasion profonde du substrat | C9: 4 | D9: Pr_P1_3_1 | E9: Feuille | F9: Oui
A10: Pr_P1_3_2 | B10: Extraction du substrat | C10: 3 | D10: Pr_P1_3 | E10: Feuille | F10: Oui
A11: Pr_P1_3_3 | B11: Compression verticale du substrat | C11: 3 | D11: Pr_P1_3 | E11: Feuille | F11: Oui
A12: Pr_P1_3_4 | B12: Remaniement du substrat | C12: 3 | D12: Pr_P1_3 | E12: Feuille | F12: Oui
A13: Pr_P1_3_5 | B13: Dépôt de matériel sur le substrat | C13: 3 | D13: Pr_P1_3 | E13: Nœud composé | F13: Oui
A14: Pr_P1_3_5_1 | B14: Dépôt faible de matériel sur le substrat | C14: 4 | D14: Pr_P1_3_5 | E14: Feuille | F14: Oui
... A20: Pr_P1_4_4 | B20: Prélèvement d'espèces sauvages | C20: 3 | D20: Pr_P1_4 | E20: Feuille | F20: Non
A21: Pr_P2 | B21: Pollutions et modifications physico-chimiques | C21: 1 | E21: Nœud composé | F21: Non
A22: Pr_P2_1 | B22: Modifications hydrologiques | C22: 2 | D22: Pr_P2 | E22: Nœud composé | F22: Non
A23: Pr_P2_1_1 | B23: Modification des conditions hydrodynamiques | C23: 3 | D23: Pr_P2_1 | E23: Feuille | F23: Non
A24: Pr_P2_1_2 | B24: Modification de la charge en particules | C24: 3 | D24: Pr_P2_1 | E24: Feuille | F24: Non
A25: Pr_P2_2 | B25: Modifications des paramètres physico-chimiques du milieu | C25: 2 | D25: Pr_P2 | E25: Nœud composé | F25: Non
A26: Pr_P2_2_1 | B26: Modification de la salinité du milieu | C26: 3 | D26: Pr_P2_2 | E26: Feuille | F26: Non
A27: Pr_P2_2_2 | B27: Modification de la température du milieu | C27: 3 | D27: Pr_P2_2 | E27: Feuille | F27: Non
A28: Pr_P2_2_4 | B28: Modification du pH du milieu | C28: 3 | D28: Pr_P2_2 | E28: Feuille | F28: Non
A29: Pr_P2_2_5 | B29: Modifications des apports en nutriments dans le milieu | C29: 3 | D29: Pr_P2_2 | E29: Feuille | F29: Non
A30: Pr_P2_2_6 | B30: Modification des apports en matériel organique dans le milieu | C30: 3 | D30: Pr_P2_2 | E30: Feuille | F30: Non
A31: Pr_P2_2_7 | B31: Désoxygénation du milieu | C31: 3 | D31: Pr_P2_2 | E31: Feuille | F31: Non
A32: Pr_P2_3 | B32: Modification des champs électromagnétiques du milieu | C32: 2 | D32: Pr_P2 | E32: Nœud composé | F32: Non
A33: Pr_P2_3_1 | B33: Modification de l'intensité lumineuse dans le milieu | C33: 3 | D33: Pr_P2_3 | E33: Nœud composé | F33: Non
... A42: Pr_P2_6_3 | B42: Introduction de composés synthéthiques dans le milieu | C42: 3 | D42: Pr_P2_6 | E42: Feuille | F42: Non
A43: Pr_P3 | B43: Biologiques | C43: 1 | E43: Nœud composé | F43: Non
A44: Pr_P3_1 | B44: Introduction ou propagation d'espèces non indigènes-exotiques | C44: 2 | D44: Pr_P3 | E44: Feuille | F44: Non
A45: Pr_P3_2 | B45: Introduction ou propagation d'agents pathogènes non indigènes exotiques | C45: 2 | D45: Pr_P3 | E45: Feuille | F45: Non
A46: Pr_P3_3 | B46: Prolifération d'espèces ou d'agent pathogène indigènes | C46: 2 | D46: Pr_P3 | E46: Feuille | F46: Non
A47: Pr_P3_4 | B47: Introduction ou translocation d'espèces, identiques aux espèces indigènes, non génétiquement modifiées | C47: 2 | D47: Pr_P3 | E47: Feuille | F47: Non
A48: Pr_P3_5 | B48: Introduction ou translocation d'espèces, identiques aux espèces indigènes, génétiquement modifiées (OGM) | C48: 2 | D48: Pr_P3 | E48: Feuille | F48: Non
A49: Pr_P3_6 | B49: Appauvrissement génétique des populations naturelles | C49: 2 | D49: Pr_P3 | E49: Feuille | F49: Non

Sheet Ref_activites_V2
A1: Code_A | B1: Nom de l'activité (indenté par niveau) | C1: Niveau
A2: A_1 | B2: Aquaculture | C2: 1
A3: A_1_1 | B3: Aquaculture en mer | C3: 2
A4: A_1_1_1 | B4: Pisciculture en cage en eaux profondes | C4: 3
A5: A_1_1_2 | B5: Algoculture sur filière en eaux profondes | C5: 3
A6: A_1_1_3 | B6: Conchyliculture au sol en eaux profondes | C6: 3
A7: A_1_1_4 | B7: Conchyliculture sur filière en eaux profondes | C7: 3
A8: A_1_2 | B8: Aquaculture à terre | C8: 2
A9: A_1_2_1 | B9: Aquaculture en bassin non submersible à terre | C9: 3
A10: A_1_2_2 | B10: Aquaculture en bassin submersible à terre | C10: 3
A11: A_1_3 | B11: Aquaculture sur l'estran | C11: 2
A12: A_1_3_1 | B12: Algoculture sur l'estran | C12: 3
A13: A_1_3_2 | B13: Conchyliculture au sol ou sur table | C13: 3
... A131: A_8_1_3 | B131: Prospection par acoustique sismique ou sonar | C131: 3
